p_Name,shop_name,ProductID,price,PreferentialPrice,CommentCount,GoodRateShow,GoodCount,GeneralCount,PoorCount,keyword,type,brand,X_name,open_method,laundry,capacity,control,dry_method,disinfection,consump,color,product_url,source,ProgramStarttime
悍舒 hanshu 洗碗机商用超声波全自动洗碟机刷碗机饭店酒楼食堂专用 一清一洗2000*800*800,悍舒旗舰店,13183986752,23100.00,8589.00,60,100,60,0,0,,"""品牌： 悍舒 商品名称：悍舒 hanshu 洗碗机商用超声波全自动洗碟机刷碗机饭店酒楼食堂专用 一清一洗2000*800*800 商品编号：13183986752 店铺：商品毛重：80.0kg 产品类型：水槽式 用途：商用型 开合方式：顶开式 洗碗方式：超声波式 总容积：11-12套碗""",悍舒,HS-XW60,顶开式,超声波式,11-12套碗,热温控制,,,,银色,https://item.jd.com/13183986752.html,京东,2018-05-15
方太（FOTILE）水槽洗碗机 6套 家用全自动嵌入式超声波洗果蔬三合一 JBSD2T-X1,方太自营旗舰店,4622829,9999.00,5999.00,1700,99,1700,5,1,信得过 特别快 外观大气 态度好,"""品牌： 方太（FOTILE） 商品名称：方太JBSD2T-X1 商品编号：4622829 商品毛重：26.0kg 商品产地：中国大陆 产品类型：水槽式 用途：家用型 开合方式：顶开式 洗碗方式：喷淋式 总容积：6-7套碗 特色推荐：高温除菌，烘干，三口之家，LED显示，大容量，超快洗""",方太,JBSD2T-X1,顶开式,喷淋式,6-7套碗,触摸控制,,,5.7L,黑色,https://item.jd.com/4622829.html,京东,2018-05-15
悍舒 hanshu 洗碗机商用超声波全自动洗碟机刷碗机饭店酒楼食堂专用 定金专拍-单拍不发货,悍舒旗舰店,13183986750,23100.00,500.00,60,100,60,0,0,,"""品牌： 悍舒 商品名称：悍舒 hanshu 洗碗机商用超声波全自动洗碟机刷碗机饭店酒楼食堂专用 定金专拍-单拍不发货 商品编号：13183986750 店铺：商品毛重：80.0kg 产品类型：水槽式 用途：商用型 开合方式：顶开式 洗碗方式：超声波式 总容积：11-12套碗""",悍舒,HS-XW60,顶开式,超声波式,11-12套碗,热温控制,,,,银色,https://item.jd.com/13183986750.html,京东,2018-05-15
悍舒 hanshu 洗碗机商用超声波全自动洗碟机刷碗机饭店酒楼食堂专用 双发生器内径1800*600*320,悍舒旗舰店,13183986751,23100.00,11214.00,60,100,60,0,0,,"""品牌： 悍舒 商品名称：悍舒 hanshu 洗碗机商用超声波全自动洗碟机刷碗机饭店酒楼食堂专用 双发生器内径1800*600*320 商品编号：13183986751 店铺：商品毛重：80.0kg 产品类型：水槽式 用途：商用型 开合方式：顶开式 洗碗方式：超声波式 总容积：11-12套碗""",悍舒,HS-XW60,顶开式,超声波式,11-12套碗,热温控制,,,,银色,https://item.jd.com/13183986751.html,京东,2018-05-15
悍舒 hanshu 洗碗机商用超声波全自动洗碟机刷碗机饭店酒楼食堂专用 单槽600*800*800,悍舒旗舰店,13183986749,23100.00,5334.00,60,100,60,0,0,,"""品牌： 悍舒 商品名称：悍舒 hanshu 洗碗机商用超声波全自动洗碟机刷碗机饭店酒楼食堂专用 单槽600*800*800 商品编号：13183986749 店铺：商品毛重：80.0kg 产品类型：水槽式 用途：商用型 开合方式：顶开式 洗碗方式：超声波式 总容积：11-12套碗""",悍舒,HS-XW60,顶开式,超声波式,11-12套碗,热温控制,,,,银色,https://item.jd.com/13183986749.html,京东,2018-05-15
悍舒 hanshu 洗碗机商用超声波全自动洗碟机刷碗机饭店酒楼食堂专用 单槽1200*800*800,悍舒旗舰店,13183986754,23100.00,6489.00,60,100,60,0,0,,"""品牌： 悍舒 商品名称：悍舒 hanshu 洗碗机商用超声波全自动洗碟机刷碗机饭店酒楼食堂专用 单槽1200*800*800 商品编号：13183986754 店铺：商品毛重：80.0kg 产品类型：水槽式 用途：商用型 开合方式：顶开式 洗碗方式：超声波式 总容积：11-12套碗""",悍舒,HS-XW60,顶开式,超声波式,11-12套碗,热温控制,,,,银色,https://item.jd.com/13183986754.html,京东,2018-05-15
悍舒 hanshu 洗碗机商用超声波全自动洗碟机刷碗机饭店酒楼食堂专用 单槽带平台1800*800*800,悍舒旗舰店,13183986748,23100.00,7749.00,60,100,60,0,0,,"""品牌： 悍舒 商品名称：悍舒 hanshu 洗碗机商用超声波全自动洗碟机刷碗机饭店酒楼食堂专用 单槽带平台1800*800*800 商品编号：13183986748 店铺：商品毛重：80.0kg 产品类型：水槽式 用途：商用型 开合方式：顶开式 洗碗方式：超声波式 总容积：11-12套碗""",悍舒,HS-XW60,顶开式,超声波式,11-12套碗,热温控制,,,,银色,https://item.jd.com/13183986748.html,京东,2018-05-15
悍舒 hanshu 洗碗机商用超声波全自动洗碟机刷碗机饭店酒楼食堂专用 单槽800*800*800,悍舒旗舰店,13183986747,23100.00,5964.00,60,100,60,0,0,,"""品牌： 悍舒 商品名称：悍舒 hanshu 洗碗机商用超声波全自动洗碟机刷碗机饭店酒楼食堂专用 单槽800*800*800 商品编号：13183986747 店铺：商品毛重：80.0kg 产品类型：水槽式 用途：商用型 开合方式：顶开式 洗碗方式：超声波式 总容积：11-12套碗""",悍舒,HS-XW60,顶开式,超声波式,11-12套碗,热温控制,,,,银色,https://item.jd.com/13183986747.html,京东,2018-05-15
方太（FOTILE） 6套 嵌入式水槽 超声波去农残 全自动 洗碗机JBSD2T-Q3,方太洗碗机旗舰店,11384410966,16998.00,8299.00,6,100,6,0,0,,"""品牌： 方太（FOTILE） 商品名称：方太（FOTILE） 6套 嵌入式水槽 超声波去农残 全自动 洗碗机JBSD2T-Q3 商品编号：11384410966 店铺：商品毛重：50.0kg 产品类型：水槽式 用途：家用型 开合方式：顶开式 洗碗方式：喷淋式 总容积：6-7套碗""",方太,（FOTILE） 6套 嵌入式水槽 超声波去农残 全自动 洗碗机JBSD2T-Q3,顶开式,喷淋式,6-7套碗,,,,,,https://item.jd.com/11384410966.html,京东,2018-05-15
方太（FOTILE） 风魔方侧吸式油烟机燃气灶洗碗机套装JQ01TS+JA22CB+X1,方太厨卫旗舰店,10961643583,49990.00,15798.00,9,100,9,0,0,,"""品牌： 方太（FOTILE） 商品名称：方太（FOTILE） 风魔方侧吸式油烟机燃气灶洗碗机套装JQ01TS+JA22CB+X1 商品编号：10961643583 店铺：商品毛重：30.0kg 产品类型：水槽式 用途：家用型 开合方式：顶开式 洗碗方式：超声波式 总容积：6-7套碗""",方太,（FOTILE） 风魔方侧吸式油烟机燃气灶洗碗机套装JQ01TS+JA22CB+X1,顶开式,超声波式,6-7套碗,触摸控制,,,,,https://item.jd.com/10961643583.html,京东,2018-05-15
方太（FOTILE）水槽洗碗机 6套 家用全自动嵌入式超声波洗果蔬三合一JBSD3T-Q6,方太洗碗机旗舰店,10956314918,18999.00,11999.00,60,100,60,0,0,,"""品牌： 方太（FOTILE） 商品名称：方太（FOTILE）水槽洗碗机 6套 家用全自动嵌入式超声波洗果蔬三合一JBSD3T-Q6 商品编号：10956314918 店铺：商品毛重：31.0kg 产品类型：水槽式 用途：家用型 开合方式：顶开式 洗碗方式：喷淋式 总容积：6-7套碗""",方太,（FOTILE）水槽洗碗机 6套 家用全自动嵌入式超声波洗果蔬三合一JBSD3T-Q6,顶开式,喷淋式,6-7套碗,,,,,,https://item.jd.com/10956314918.html,京东,2018-05-15
方太（FOTILE） JQ01TS+HC26BE+C2S系列蒸箱烤箱+X1水槽洗碗机,方太厨卫旗舰店,10944837406,30000.00,27697.00,3,66,2,1,0,,"""品牌： 方太（FOTILE） 商品名称：方太（FOTILE） JQ01TS+HC26BE+C2S系列蒸箱烤箱+X1水槽洗碗机 商品编号：10944837406 店铺：商品毛重：80.0kg 产品类型：水槽式 用途：家用型 开合方式：顶开式 洗碗方式：超声波式 总容积：6-7套碗""",方太,（FOTILE） JQ01TS+HC26BE+C2S系列蒸箱烤箱+X1水槽洗碗机,顶开式,超声波式,6-7套碗,触摸控制,,,,,https://item.jd.com/10944837406.html,京东,2018-05-15
方太（FOTILE）水槽洗碗机嵌入式水槽左款洗碗机JBSD2T-X9L,方太厨卫旗舰店,10944820007,9299.00,5999.00,1,100,1,0,0,,"""品牌： 方太（FOTILE） 商品名称：方太（FOTILE）水槽洗碗机嵌入式水槽左款洗碗机JBSD2T-X9L 商品编号：10944820007 店铺：商品毛重：26.0kg 产品类型：水槽式 用途：家用型 开合方式：顶开式 洗碗方式：喷淋式 总容积：6-7套碗 特色推荐：高温除菌，烘干，三口之家，LED显示，大容量，超快洗""",方太,（FOTILE）水槽洗碗机嵌入式水槽左款洗碗机JBSD2T-X9L,顶开式,喷淋式,6-7套碗,,,,,,https://item.jd.com/10944820007.html,京东,2018-05-15
方太（FOTILE） EM23TS+HC26BE+J45E+X1油烟机燃气灶消毒柜洗碗机,方太厨卫旗舰店,10466010165,19999.00,14297.00,20,100,20,0,0,,"""品牌： 方太（FOTILE） 商品名称：方太（FOTILE） EM23TS+HC26BE+J45E+X1油烟机燃气灶消毒柜洗碗机 商品编号：10466010165 店铺：商品毛重：85.5kg 产品类型：水槽式 用途：家用型 开合方式：顶开式 洗碗方式：超声波式 总容积：6-7套碗""",方太,（FOTILE） EM23TS+HC26BE+J45E+X1油烟机燃气灶消毒柜洗碗机,顶开式,超声波式,6-7套碗,触摸控制,,,,,https://item.jd.com/10466010165.html,京东,2018-05-15
徳兆（Dezhao） 德兆全自动家用水槽洗碗机烘干机多功能不锈钢水槽式洗碗机嵌入式洗碗机 水槽洗碗机不锈钢烤箱,徳兆户外旗舰店,15388654956,20689.00,7888.00,60,100,60,0,0,,"""品牌： 徳兆（Dezhao） 商品名称：徳兆（Dezhao） 德兆全自动家用水槽洗碗机烘干机多功能不锈钢水槽式洗碗机嵌入式洗碗机 水槽洗碗机不锈钢烤箱 商品编号：15388654956 店铺：商品毛重：27.0kg 商品产地：中国大陆 产品类型：水槽式 用途：家用型 开合方式：前开式 洗碗方式：喷淋式 总容积：6-7套碗 特色推荐：高温除菌，烘干，三口之家，LED显示，大容量，预约定时，超快洗，洗果蔬海鲜""",徳兆,BWM-X1,前开式,喷淋式,6-7套碗,触摸,余热烘干,高温消毒,12,不锈钢色,https://item.jd.com/15388654956.html,京东,2018-05-15
徳兆（Dezhao） 德兆全自动家用水槽洗碗机烘干机多功能不锈钢水槽式洗碗机嵌入式洗碗机 水槽洗碗机不锈钢蒸烤,徳兆户外旗舰店,15388654955,20689.00,10488.00,60,100,60,0,0,,"""品牌： 徳兆（Dezhao） 商品名称：徳兆（Dezhao） 德兆全自动家用水槽洗碗机烘干机多功能不锈钢水槽式洗碗机嵌入式洗碗机 水槽洗碗机不锈钢蒸烤 商品编号：15388654955 店铺：商品毛重：27.0kg 商品产地：中国大陆 产品类型：水槽式 用途：家用型 开合方式：前开式 洗碗方式：喷淋式 总容积：6-7套碗 特色推荐：高温除菌，烘干，三口之家，LED显示，大容量，预约定时，超快洗，洗果蔬海鲜""",徳兆,BWM-X1,前开式,喷淋式,6-7套碗,触摸,余热烘干,高温消毒,12,不锈钢色,https://item.jd.com/15388654955.html,京东,2018-05-15
徳兆（Dezhao） 德兆全自动家用水槽洗碗机烘干机多功能不锈钢水槽式洗碗机嵌入式洗碗机 水槽洗碗机钢化玻璃烤箱,徳兆户外旗舰店,14711540343,20689.00,7788.00,60,100,60,0,0,,"""品牌： 徳兆（Dezhao） 商品名称：徳兆（Dezhao） 德兆全自动家用水槽洗碗机烘干机多功能不锈钢水槽式洗碗机嵌入式洗碗机 水槽洗碗机钢化玻璃烤箱 商品编号：14711540343 店铺：商品毛重：27.0kg 商品产地：中国大陆 产品类型：水槽式 用途：家用型 开合方式：前开式 洗碗方式：喷淋式 总容积：6-7套碗 特色推荐：高温除菌，烘干，三口之家，LED显示，大容量，预约定时，超快洗，洗果蔬海鲜""",徳兆,BWM-X1,前开式,喷淋式,6-7套碗,触摸,余热烘干,高温消毒,12,不锈钢色,https://item.jd.com/14711540343.html,京东,2018-05-15
徳兆（Dezhao） 德兆全自动家用水槽洗碗机烘干机多功能不锈钢水槽式洗碗机嵌入式洗碗机 水槽洗碗机不锈钢蒸箱,徳兆户外旗舰店,14711540342,20689.00,7848.00,60,100,60,0,0,,"""品牌： 徳兆（Dezhao） 商品名称：徳兆（Dezhao） 德兆全自动家用水槽洗碗机烘干机多功能不锈钢水槽式洗碗机嵌入式洗碗机 水槽洗碗机不锈钢蒸箱 商品编号：14711540342 店铺：商品毛重：27.0kg 商品产地：中国大陆 产品类型：水槽式 用途：家用型 开合方式：前开式 洗碗方式：喷淋式 总容积：6-7套碗 特色推荐：高温除菌，烘干，三口之家，LED显示，大容量，预约定时，超快洗，洗果蔬海鲜""",徳兆,BWM-X1,前开式,喷淋式,6-7套碗,触摸,余热烘干,高温消毒,12,不锈钢色,https://item.jd.com/14711540342.html,京东,2018-05-15
圣洛威（SLOWE）集成智能水槽洗碗机 6套 家用全自动嵌入式超声波洗果蔬四合一 SL-V1A-8347 金色,圣洛威官方旗舰店,28064488731,8980.00,8980.00,0,100,0,0,0,,"""品牌： 圣洛威（SLOWEI） 商品名称：圣洛威（SLOWE）集成智能水槽洗碗机 6套 家用全自动嵌入式超声波洗果蔬四合一 SL-V1A-8347 金色 商品编号：28064488731 店铺：商品毛重：35.0kg 商品产地：中国大陆 货号：SL-V1A-8347特色推荐：高温除菌，烘干，LED显示，原装进口，大容量，预约定时，超快洗，洗果蔬海鲜 开合方式：前开式 洗碗方式：喷淋式 总容积：6-7套碗 产品类型：水槽式""",圣洛威,SL-V1A-8347,前开式,喷淋式,6-7套碗,触摸按键和声音提示,循环干燥,烘干消毒,6L,黑色和金色,https://item.jd.com/28064488731.html,京东,2018-05-15
圣洛威（SLOWE）集成智能水槽洗碗机 6套 家用全自动嵌入式超声波洗果蔬四合一 SL-V1A-8347 黑色,圣洛威官方旗舰店,28064488730,8980.00,8980.00,0,100,0,0,0,,"""品牌： 圣洛威（SLOWEI） 商品名称：圣洛威（SLOWE）集成智能水槽洗碗机 6套 家用全自动嵌入式超声波洗果蔬四合一 SL-V1A-8347 黑色 商品编号：28064488730 店铺：商品毛重：35.0kg 商品产地：中国大陆 货号：SL-V1A-8347特色推荐：高温除菌，烘干，LED显示，原装进口，大容量，预约定时，超快洗，洗果蔬海鲜 开合方式：前开式 洗碗方式：喷淋式 总容积：6-7套碗 产品类型：水槽式""",圣洛威,SL-V1A-8347,前开式,喷淋式,6-7套碗,触摸按键和声音提示,循环干燥,烘干消毒,6L,黑色和金色,https://item.jd.com/28064488730.html,京东,2018-05-15
OZNER浩泽 洗碗机 8套WiFi智控 水槽式嵌入 净水全自动家用跨界五合一 S2 冰川银S2-顺丰送货上门，师傅上门安装,浩泽苏格特专卖店,27827160942,8999.00,6599.00,1500,99,1500,1,0,,"""品牌： 浩泽 商品名称：OZNER浩泽 洗碗机 8套WiFi智控 水槽式嵌入 净水全自动家用跨界五合一 S2 冰川银S2-顺丰送货上门，师傅上门安装 商品编号：27827160942 店铺：商品毛重：32.5kg 产品类型：水槽式 用途：家用型 开合方式：顶开式 洗碗方式：喷淋式 总容积：8-10套碗""",浩泽,OZNER 洗碗机 8套WiFi智控 水槽式嵌入 净水全自动家用跨界五合一 S2 冰川银S2-顺丰送货上门，师傅上门安装,顶开式,喷淋式,8-10套碗,,,,,,https://item.jd.com/27827160942.html,京东,2018-05-15
碟美（DieMei）水槽式洗碗机 6套碗筷 果蔬碗碟跨界三合一 嵌入式家用洗碗机 自动智能除菌烘干 水槽洗碗机专用耗材,碟美晨戎专卖店,27817216074,6999.00,121.00,0,100,0,0,0,,"""品牌： 碟美（DieMei） 商品名称：碟美（DieMei）水槽式洗碗机 6套碗筷 果蔬碗碟跨界三合一 嵌入式家用洗碗机 自动智能除菌烘干 水槽洗碗机专用耗材 商品编号：27817216074 店铺：商品毛重：30.0kg 商品产地：中国大陆 产品类型：水槽式 用途：家用型 开合方式：顶开式 洗碗方式：喷淋式 总容积：6-7套碗 特色推荐：高温除菌，烘干，三口之家，LED显示，超快洗""",碟美,JBSX2T-X6,顶开式,喷淋式,6-7套碗,微电脑,热交换,高温,,黑色,https://item.jd.com/27817216074.html,京东,2018-05-15
碟美（DieMei）水槽式洗碗机 6套碗筷 果蔬碗碟跨界三合一 嵌入式家用洗碗机 自动智能除菌烘干 左侧洗碗机右侧水槽,碟美晨戎专卖店,27817216073,6999.00,6999.00,0,100,0,0,0,,"""品牌： 碟美（DieMei） 商品名称：碟美（DieMei）水槽式洗碗机 6套碗筷 果蔬碗碟跨界三合一 嵌入式家用洗碗机 自动智能除菌烘干 左侧洗碗机右侧水槽 商品编号：27817216073 店铺：商品毛重：30.0kg 商品产地：中国大陆 产品类型：水槽式 用途：家用型 开合方式：顶开式 洗碗方式：喷淋式 总容积：6-7套碗 特色推荐：高温除菌，烘干，三口之家，LED显示，超快洗""",碟美,JBSX2T-X6,顶开式,喷淋式,6-7套碗,微电脑,热交换,高温,,黑色,https://item.jd.com/27817216073.html,京东,2018-05-15
美的（Midea）侧吸油烟机燃气灶具套装水槽洗碗机 极光自动开合DJ588R+Q590B+F3 液化气,美的嵌入式厨电旗舰店,27801875901,20999.00,14999.00,0,100,0,0,0,,"""品牌： 美的（Midea） 商品名称：美的（Midea）侧吸油烟机燃气灶具套装水槽洗碗机 极光自动开合DJ588R+Q590B+F3 液化气 商品编号：27801875901 店铺：商品毛重：39.5kg 产品类型：水槽式 用途：家用型 开合方式：顶开式 洗碗方式：超声波式 总容积：6-7套碗 特色推荐：高温除菌，烘干，LED显示，洗果蔬海鲜""",美的,DJ588R+Q590B+F3,顶开式,超声波式,6-7套碗,,,,,,https://item.jd.com/27801875901.html,京东,2018-05-15
美的（Midea）侧吸油烟机燃气灶具套装水槽洗碗机 极光自动开合DJ588R+Q590B+F3 天然气,美的嵌入式厨电旗舰店,27801869000,20999.00,14999.00,0,100,0,0,0,,"""品牌： 美的（Midea） 商品名称：美的（Midea）侧吸油烟机燃气灶具套装水槽洗碗机 极光自动开合DJ588R+Q590B+F3 天然气 商品编号：27801869000 店铺：商品毛重：39.5kg 产品类型：水槽式 用途：家用型 开合方式：顶开式 洗碗方式：超声波式 总容积：6-7套碗 特色推荐：高温除菌，烘干，LED显示，洗果蔬海鲜""",美的,DJ588R+Q590B+F3,顶开式,超声波式,6-7套碗,,,,,,https://item.jd.com/27801869000.html,京东,2018-05-15
美的（Midea）欧式抽油烟机燃气灶具套装水槽洗碗机 极光智能开关DT590R+Q590B+F3 液化气,美的嵌入式厨电旗舰店,27798073546,20999.00,14999.00,0,100,0,0,0,,"""品牌： 美的（Midea） 商品名称：美的（Midea）欧式抽油烟机燃气灶具套装水槽洗碗机 极光智能开关DT590R+Q590B+F3 液化气 商品编号：27798073546 店铺：商品毛重：39.5kg 产品类型：水槽式 用途：家用型 开合方式：顶开式 洗碗方式：超声波式 总容积：6-7套碗 特色推荐：高温除菌，烘干，LED显示，洗果蔬海鲜""",美的,DT590R+Q590B+F3,顶开式,超声波式,6-7套碗,,,,,,https://item.jd.com/27798073546.html,京东,2018-05-15
美的（Midea）欧式抽油烟机燃气灶具套装水槽洗碗机 极光智能开关DT590R+Q590B+F3 天然气,美的嵌入式厨电旗舰店,27798073545,20999.00,14999.00,0,100,0,0,0,,"""品牌： 美的（Midea） 商品名称：美的（Midea）欧式抽油烟机燃气灶具套装水槽洗碗机 极光智能开关DT590R+Q590B+F3 天然气 商品编号：27798073545 店铺：商品毛重：39.5kg 产品类型：水槽式 用途：家用型 开合方式：顶开式 洗碗方式：超声波式 总容积：6-7套碗 特色推荐：高温除菌，烘干，LED显示，洗果蔬海鲜""",美的,DT590R+Q590B+F3,顶开式,超声波式,6-7套碗,,,,,,https://item.jd.com/27798073545.html,京东,2018-05-15
方太（FOTILE）水槽洗碗机 6套 家用全自动嵌入式超声波洗果蔬三合一JBSD2T-X9 如需（其他颜色）详情客服,方太洗碗机旗舰店,27695335949,9299.00,5999.00,9,100,9,0,0,,"""品牌： 方太（FOTILE） 商品名称：方太（FOTILE）水槽洗碗机 6套 家用全自动嵌入式超声波洗果蔬三合一JBSD2T-X9 如需（其他颜色）详情客服 商品编号：27695335949 店铺：商品毛重：26.0kg 产品类型：水槽式 用途：家用型 开合方式：顶开式 洗碗方式：喷淋式 总容积：6-7套碗""",方太,（FOTILE）水槽洗碗机 6套 家用全自动嵌入式超声波洗果蔬三合一JBSD2T-X9 如需（其他颜色）详情客服,顶开式,喷淋式,6-7套碗,,,,,,https://item.jd.com/27695335949.html,京东,2018-05-15
浩泽(ozner) 水槽洗碗机 8套 家用嵌入式 自动开门双重烘干高温消毒 五合一多功能水槽式洗碗器 S4 送货上门,浩泽泰鹿专卖店,27190574978,10999.00,9999.00,30,100,30,0,0,,"""品牌： 浩泽 商品名称：浩泽(ozner) 水槽洗碗机 8套 家用嵌入式 自动开门双重烘干高温消毒 五合一多功能水槽式洗碗器 S4 送货上门 商品编号：27190574978 店铺：商品毛重：43.0kg 商品产地：中国大陆 产品类型：水槽式 用途：家用型 开合方式：顶开式 洗碗方式：喷淋式 总容积：8-10套碗 特色推荐：高温除菌，烘干，三口之家，LED显示，大容量，预约定时，超快洗，洗果蔬海鲜""",浩泽,S2、S4,顶开式,喷淋式,8-10套碗,微电脑式,新风烘干+冷凝烘干,高温,9.1L,冰川银、玫瑰金,https://item.jd.com/27190574978.html,京东,2018-05-15
浩泽(ozner) 水槽洗碗机 8套 家用嵌入式 自动开门双重烘干高温消毒 五合一多功能水槽式洗碗器 S2 送货上门,浩泽泰鹿专卖店,27190574976,10999.00,6999.00,30,100,30,0,0,,"""品牌： 浩泽 商品名称：浩泽(ozner) 水槽洗碗机 8套 家用嵌入式 自动开门双重烘干高温消毒 五合一多功能水槽式洗碗器 S2 送货上门 商品编号：27190574976 店铺：商品毛重：43.0kg 商品产地：中国大陆 产品类型：水槽式 用途：家用型 开合方式：顶开式 洗碗方式：喷淋式 总容积：8-10套碗 特色推荐：高温除菌，烘干，三口之家，LED显示，大容量，预约定时，超快洗，洗果蔬海鲜""",浩泽,S2、S4,顶开式,喷淋式,8-10套碗,微电脑式,新风烘干+冷凝烘干,高温,9.1L,冰川银、玫瑰金,https://item.jd.com/27190574976.html,京东,2018-05-15
美的（Midea）水槽洗碗机 家用6套超声波变频活水洗三合一 手工304不锈钢双槽F3,美的嵌入式厨电旗舰店,26883823044,13999.00,11999.00,0,100,0,0,0,,"""品牌： 美的（Midea） 商品名称：美的（Midea）水槽洗碗机 家用6套超声波变频活水洗三合一 手工304不锈钢双槽F3 商品编号：26883823044 店铺：商品毛重：39.5kg 产品类型：水槽式 用途：家用型 开合方式：顶开式 洗碗方式：超声波式 总容积：6-7套碗 特色推荐：高温除菌，烘干，LED显示，超快洗，洗果蔬海鲜""",美的,（Midea）水槽洗碗机 家用6套超声波变频活水洗三合一 手工304不锈钢双槽F3,顶开式,超声波式,6-7套碗,,,,,,https://item.jd.com/26883823044.html,京东,2018-05-15
食物垃圾处理器处理机 轻松搭配家用洗碗机 家用厨房下水道厨余粉碎机MD1-C38-CN,美的山西美宝隆专卖店,26852038484,3999.00,2999.00,0,100,0,0,0,,"""品牌： 美的（Midea） 商品名称：食物垃圾处理器处理机 轻松搭配家用洗碗机 家用厨房下水道厨余粉碎机MD1-C38-CN 商品编号：26852038484 店铺：商品毛重：4.24kg 商品产地：中国大陆 用途：家用型 产品类型：水槽式""",美的,MD1-C38-CN,,,,,,,,黑色,https://item.jd.com/26852038484.html,京东,2018-05-15
碟美（DieMei）水槽式洗碗机 6套碗筷 果蔬碗碟跨界三合一 嵌入式家用洗碗机 自动智能除菌烘干 左侧水槽右侧洗碗机,碟美晨戎专卖店,26697101832,6999.00,4999.00,0,100,0,0,0,,"""品牌： 碟美（DieMei） 商品名称：碟美（DieMei）水槽式洗碗机 6套碗筷 果蔬碗碟跨界三合一 嵌入式家用洗碗机 自动智能除菌烘干 左侧水槽右侧洗碗机 商品编号：26697101832 店铺：商品毛重：30.0kg 商品产地：中国大陆 产品类型：水槽式 用途：家用型 开合方式：顶开式 洗碗方式：喷淋式 总容积：6-7套碗 特色推荐：高温除菌，烘干，三口之家，LED显示，超快洗""",碟美,JBSX2T-X6,顶开式,喷淋式,6-7套碗,微电脑,热交换,高温,,黑色,https://item.jd.com/26697101832.html,京东,2018-05-15
美的（Midea） 水槽洗碗机WQP6-8303-CN活水洗碗 果蔬净化 4.0手工水槽 水槽洗碗机WQP6-8303-CN,美的广东源丰美专卖店,26547101123,9999.00,9999.00,1,100,1,0,0,,"""品牌： 美的（Midea） 商品名称：美的（Midea） 水槽洗碗机WQP6-8303-CN活水洗碗 果蔬净化 4.0手工水槽 水槽洗碗机WQP6-8303-CN 商品编号：26547101123 店铺：商品毛重：37.0kg 洗碗方式：超声波式 产品类型：水槽式 总容积：6-7套碗 开合方式：顶开式""",美的,（Midea） 水槽洗碗机WQP6-8303-CN活水洗碗 果蔬净化 4.0手工水槽 水槽洗碗机WQP6-8303-CN,顶开式,超声波式,6-7套碗,,,,,,https://item.jd.com/26547101123.html,京东,2018-05-15
美的（Midea） 水槽洗碗机WQP6-8303-CN活水洗碗 果蔬净化 4.0手工水槽 厨余垃圾处理器MD1-C38-CN,美的广东源丰美专卖店,26545829348,9999.00,2999.00,1,100,1,0,0,,"""品牌： 美的（Midea） 商品名称：美的（Midea） 水槽洗碗机WQP6-8303-CN活水洗碗 果蔬净化 4.0手工水槽 厨余垃圾处理器MD1-C38-CN 商品编号：26545829348 店铺：商品毛重：37.0kg 洗碗方式：超声波式 产品类型：水槽式 总容积：6-7套碗 开合方式：顶开式""",美的,（Midea） 水槽洗碗机WQP6-8303-CN活水洗碗 果蔬净化 4.0手工水槽 厨余垃圾处理器MD1-C38-CN,顶开式,超声波式,6-7套碗,,,,,,https://item.jd.com/26545829348.html,京东,2018-05-15
丹沃思（Dours） 三合一集成式水槽洗碗机家用8套洗碗机 售前上门勘测服务,丹沃思旗舰店,26469089014,19999.00,50.00,0,100,0,0,0,,"""品牌： 丹沃思（Dours） 商品名称：丹沃思（Dours） 三合一集成式水槽洗碗机家用8套洗碗机 售前上门勘测服务 商品编号：26469089014 店铺：商品毛重：40.0kg 商品产地：中国大陆 货号：集成水槽洗碗机 产品类型：水槽式 用途：家用型 开合方式：顶开式 洗碗方式：喷淋式 总容积：8-10套碗 特色推荐：高温除菌，三口之家，LED显示，大容量，超快洗""",丹沃思,集成水槽洗碗机,顶开式,喷淋式,8-10套碗,,,,,魅夜黑,https://item.jd.com/26469089014.html,京东,2018-05-15
丹沃思（Dours） 三合一集成式水槽洗碗机家用8套洗碗机 集成水槽洗碗机,丹沃思旗舰店,26469089013,19999.00,15999.00,0,100,0,0,0,,"""品牌： 丹沃思（Dours） 商品名称：丹沃思（Dours） 三合一集成式水槽洗碗机家用8套洗碗机 集成水槽洗碗机 商品编号：26469089013 店铺：商品毛重：40.0kg 商品产地：中国大陆 货号：集成水槽洗碗机 产品类型：水槽式 用途：家用型 开合方式：顶开式 洗碗方式：喷淋式 总容积：8-10套碗 特色推荐：高温除菌，三口之家，LED显示，大容量，超快洗""",丹沃思,集成水槽洗碗机,顶开式,喷淋式,8-10套碗,,,,,魅夜黑,https://item.jd.com/26469089013.html,京东,2018-05-15
丹沃思（Dours） 水槽洗碗机家用智能8套嵌入式洗碗机洗果蔬三合一刷碗机JDP1S-H2 大槽水槽洗碗机,丹沃思旗舰店,26435995386,159999.00,10999.00,0,100,0,0,0,,"""品牌： 丹沃思（Dours） 商品名称：丹沃思（Dours） 水槽洗碗机家用智能8套嵌入式洗碗机洗果蔬三合一刷碗机JDP1S-H2 大槽水槽洗碗机 商品编号：26435995386 店铺：商品毛重：34.5kg 商品产地：中国大陆 货号：大槽款 产品类型：水槽式 用途：家用型 开合方式：顶开式 洗碗方式：喷淋式 总容积：8-10套碗 特色推荐：高温除菌，三口之家，LED显示，大容量，超快洗，洗果蔬海鲜""",丹沃思,大槽款,顶开式,喷淋式,8-10套碗,微电脑式,余温烘干,巴士除菌,洗碗9,黑色玻璃面板,https://item.jd.com/26435995386.html,京东,2018-05-15
浩泽 8套 WiFi智控 嵌入水槽式 净水全自动洗碗机家用 跨界五合一 7大洗涤程序 变频电机 S3,浩泽洗碗机旗舰店,26268231012,12999.00,10999.00,0,100,0,0,0,,"""品牌： 浩泽 商品名称：浩泽 8套 WiFi智控 嵌入水槽式 净水全自动洗碗机家用 跨界五合一 7大洗涤程序 变频电机 S3 商品编号：26268231012 店铺：商品毛重：43.0kg 商品产地：中国大陆 货号：S3 产品类型：水槽式 用途：家用型 开合方式：顶开式 洗碗方式：喷淋式 总容积：8-10套碗 特色推荐：高温除菌，烘干，三口之家，LED显示，大容量，超快洗""",浩泽,S3,顶开式,喷淋式,8-10套碗,触控,冷凝烘干+新风烘干,高温,,琉璃金,https://item.jd.com/26268231012.html,京东,2018-05-15
水槽洗碗机WQP6-8303-CN活水洗碗 果蔬净化 4.0手工水槽厨余垃圾处理器MD1 水槽洗碗机+厨余垃圾处理器套餐,美的湖北美厨专卖店,26249372554,12888.00,12888.00,0,100,0,0,0,,"""品牌： 美的（Midea） 商品名称：水槽洗碗机WQP6-8303-CN活水洗碗 果蔬净化 4.0手工水槽厨余垃圾处理器MD1 水槽洗碗机+厨余垃圾处理器套餐 商品编号：26249372554 店铺：商品毛重：30.0kg 产品类型：水槽式 用途：家用型 开合方式：顶开式 洗碗方式：超声波式 总容积：6-7套碗""",美的,F3(WQP6-8303-CN),顶开式,超声波式,6-7套碗,,,高温,6.7,,https://item.jd.com/26249372554.html,京东,2018-05-15
水槽洗碗机WQP6-8303-CN活水洗碗 果蔬净化 4.0手工水槽厨余垃圾处理器MD1 厨余垃圾处理器MD1-C38-CN,美的湖北美厨专卖店,26249372553,12888.00,2999.00,0,100,0,0,0,,"""品牌： 美的（Midea） 商品名称：水槽洗碗机WQP6-8303-CN活水洗碗 果蔬净化 4.0手工水槽厨余垃圾处理器MD1 厨余垃圾处理器MD1-C38-CN 商品编号：26249372553 店铺：商品毛重：30.0kg 产品类型：水槽式 用途：家用型 开合方式：顶开式 洗碗方式：超声波式 总容积：6-7套碗""",美的,F3(WQP6-8303-CN),顶开式,超声波式,6-7套碗,,,高温,6.7,,https://item.jd.com/26249372553.html,京东,2018-05-15
水槽洗碗机WQP6-8303-CN活水洗碗 果蔬净化 4.0手工水槽厨余垃圾处理器MD1 水槽洗碗机WQP6-8303-CN,美的湖北美厨专卖店,26249372552,12888.00,9999.00,0,100,0,0,0,,"""品牌： 美的（Midea） 商品名称：水槽洗碗机WQP6-8303-CN活水洗碗 果蔬净化 4.0手工水槽厨余垃圾处理器MD1 水槽洗碗机WQP6-8303-CN 商品编号：26249372552 店铺：商品毛重：30.0kg 产品类型：水槽式 用途：家用型 开合方式：顶开式 洗碗方式：超声波式 总容积：6-7套碗""",美的,F3(WQP6-8303-CN),顶开式,超声波式,6-7套碗,,,高温,6.7,,https://item.jd.com/26249372552.html,京东,2018-05-15
美的（Midea） 304不锈钢手工双槽 6套家用超声波变频活水洗三合一水槽式洗碗机F3,美的湖南美福专卖店,26130981746,12999.00,10999.00,0,100,0,0,0,,"""品牌： 美的（Midea） 商品名称：美的（Midea） 304不锈钢手工双槽 6套家用超声波变频活水洗三合一水槽式洗碗机F3 商品编号：26130981746 店铺：商品毛重：39.5kg 产品类型：水槽式 用途：家用型 开合方式：顶开式 洗碗方式：超声波式 总容积：6-7套碗 特色推荐：高温除菌，三口之家，LED显示，超快洗""",美的,F3,顶开式,超声波式,6-7套碗,,,,,,https://item.jd.com/26130981746.html,京东,2018-05-15
美的（Midea） 水槽洗碗机WQP6-8303-CN活水洗碗 果蔬净化 4.0手工水槽 水槽洗碗机+厨余垃圾处理器套餐,美的浙江燕翔专卖店,25872744223,12999.00,11999.00,0,100,0,0,0,,"""品牌： 美的（Midea） 商品名称：美的（Midea） 水槽洗碗机WQP6-8303-CN活水洗碗 果蔬净化 4.0手工水槽 水槽洗碗机+厨余垃圾处理器套餐 商品编号：25872744223 店铺：商品毛重：37.0kg 商品产地：中国大陆 产品类型：水槽式 用途：家用型 开合方式：顶开式 洗碗方式：喷淋式 总容积：6-7套碗""",美的,WQP6-8303-CN,顶开式,喷淋式,6-7套碗,微电脑式,,高温,6.7,,https://item.jd.com/25872744223.html,京东,2018-05-15
美的（Midea） 水槽洗碗机WQP6-8303-CN活水洗碗 果蔬净化 4.0手工水槽 厨余垃圾处理器MD1-C38-CN,美的浙江燕翔专卖店,25872744222,12999.00,2999.00,0,100,0,0,0,,"""品牌： 美的（Midea） 商品名称：美的（Midea） 水槽洗碗机WQP6-8303-CN活水洗碗 果蔬净化 4.0手工水槽 厨余垃圾处理器MD1-C38-CN 商品编号：25872744222 店铺：商品毛重：37.0kg 商品产地：中国大陆 产品类型：水槽式 用途：家用型 开合方式：顶开式 洗碗方式：喷淋式 总容积：6-7套碗""",美的,WQP6-8303-CN,顶开式,喷淋式,6-7套碗,微电脑式,,高温,6.7,,https://item.jd.com/25872744222.html,京东,2018-05-15
美的（Midea） 水槽洗碗机WQP6-8303-CN活水洗碗 果蔬净化 4.0手工水槽 水槽洗碗机WQP6-8303-CN,美的浙江燕翔专卖店,25872744221,12999.00,9999.00,0,100,0,0,0,,"""品牌： 美的（Midea） 商品名称：美的（Midea） 水槽洗碗机WQP6-8303-CN活水洗碗 果蔬净化 4.0手工水槽 水槽洗碗机WQP6-8303-CN 商品编号：25872744221 店铺：商品毛重：37.0kg 商品产地：中国大陆 产品类型：水槽式 用途：家用型 开合方式：顶开式 洗碗方式：喷淋式 总容积：6-7套碗""",美的,WQP6-8303-CN,顶开式,喷淋式,6-7套碗,微电脑式,,高温,6.7,,https://item.jd.com/25872744221.html,京东,2018-05-15
AEK-X9A  爱尔卡（AIERKA） 集成式水槽洗碗机多功能全自动嵌入式家用,爱尔卡旗舰店,25714259671,37800.00,36800.00,0,100,0,0,0,,"""品牌： 爱尔卡（AIERKA） 商品名称：AEK-X9A爱尔卡（AIERKA） 集成式水槽洗碗机多功能全自动嵌入式家用 商品编号：25714259671 店铺：商品毛重：70.0kg 商品产地：中国大陆 货号：JBS2Z-AEK-X9A 产品类型：水槽式 用途：家用型 开合方式：顶开式 洗碗方式：喷淋式 总容积：6-7套碗 特色推荐：高温除菌""",爱尔卡,JBS2Z-AEK-X9A,顶开式,喷淋式,6-7套碗,全自动,风机烘干系统,,7.2,黑色,https://item.jd.com/25714259671.html,京东,2018-05-15
美的（Midea） F3手工水槽洗碗机 嵌入式 全自动超声波+垃圾处理器厨余粉碎机 水槽洗碗机,美的福建宏飞专卖店,25691950154,13000.00,9999.00,0,100,0,0,0,,"""品牌： 美的（Midea） 商品名称：美的（Midea） F3手工水槽洗碗机 嵌入式 全自动超声波+垃圾处理器厨余粉碎机 水槽洗碗机 商品编号：25691950154 店铺：商品毛重：35.0kg 产品类型：水槽式 用途：家用型 开合方式：顶开式 洗碗方式：喷淋式 总容积：6-7套碗""",美的,F3,顶开式,喷淋式,6-7套碗,微电脑式,高温,,8,银色,https://item.jd.com/25691950154.html,京东,2018-05-15
美的（Midea） F3手工水槽洗碗机 嵌入式 全自动超声波+垃圾处理器厨余粉碎机 垃圾处理器,美的福建宏飞专卖店,25691950153,13000.00,2999.00,0,100,0,0,0,,"""品牌： 美的（Midea） 商品名称：美的（Midea） F3手工水槽洗碗机 嵌入式 全自动超声波+垃圾处理器厨余粉碎机 垃圾处理器 商品编号：25691950153 店铺：商品毛重：35.0kg 产品类型：水槽式 用途：家用型 开合方式：顶开式 洗碗方式：喷淋式 总容积：6-7套碗""",美的,F3,顶开式,喷淋式,6-7套碗,微电脑式,高温,,8,银色,https://item.jd.com/25691950153.html,京东,2018-05-15
美的（Midea） F3手工水槽洗碗机 嵌入式 全自动超声波+垃圾处理器厨余粉碎机 二合一套装,美的福建宏飞专卖店,25691950152,13000.00,11999.00,0,100,0,0,0,,"""品牌： 美的（Midea） 商品名称：美的（Midea） F3手工水槽洗碗机 嵌入式 全自动超声波+垃圾处理器厨余粉碎机 二合一套装 商品编号：25691950152 店铺：商品毛重：35.0kg 产品类型：水槽式 用途：家用型 开合方式：顶开式 洗碗方式：喷淋式 总容积：6-7套碗""",美的,F3,顶开式,喷淋式,6-7套碗,微电脑式,高温,,8,银色,https://item.jd.com/25691950152.html,京东,2018-05-15
美的（Midea）水槽洗碗机 家用6套超声波变频活水洗三合一 手工304不锈钢双槽F3,美的洗碗机旗舰店,25547879336,13999.00,11999.00,1,100,1,0,0,,"""品牌： 美的（Midea） 商品名称：美的（Midea）水槽洗碗机 家用6套超声波变频活水洗三合一 手工304不锈钢双槽F3 商品编号：25547879336 店铺：商品毛重：33.0kg 产品类型：水槽式 用途：家用型 开合方式：顶开式 洗碗方式：超声波式 总容积：6-7套碗 特色推荐：高温除菌，LED显示，超快洗""",美的,（Midea）水槽洗碗机 家用6套超声波变频活水洗三合一 手工304不锈钢双槽F3,顶开式,超声波式,6-7套碗,,,,,,https://item.jd.com/25547879336.html,京东,2018-05-15
美的（Midea） 家用 超声波变频活水洗蔬果去农残四合一 手工F3水槽洗碗机,美的山东翔美专卖店,25525304512,15999.00,9999.00,0,100,0,0,0,,"""品牌： 美的（Midea） 商品名称：美的（Midea） 家用 超声波变频活水洗蔬果去农残四合一 手工F3水槽洗碗机 商品编号：25525304512 店铺：商品毛重：39.7kg 特色推荐：高温除菌，烘干，大容量 用途：家用型 开合方式：顶开式 总容积：6-7套碗 产品类型：水槽式""",美的,F4  (WQP6-8304-CN),顶开式,,6-7套碗,,冷凝式余温烘干,,6.5L,,https://item.jd.com/25525304512.html,京东,2018-05-15
美的（Midea） F3水槽洗碗机  嵌入式家用全自动超声波WQP6-8303-CN,美的辽宁悦美专卖店,25494230542,15999.00,9999.00,0,100,0,0,0,,"""品牌： 美的（Midea） 商品名称：美的（Midea） F3水槽洗碗机嵌入式家用全自动超声波WQP6-8303-CN 商品编号：25494230542 店铺：商品毛重：39.5kg 商品产地：中国大陆 产品类型：水槽式 用途：家用型 开合方式：顶开式 洗碗方式：超声波式 总容积：6套以下""",美的,F3,顶开式,超声波式,6套以下,微电脑式,,,6.5,黑色,https://item.jd.com/25494230542.html,京东,2018-05-15
美的（Midea） 水槽双槽洗碗机不锈钢带水龙头 F3(WQP6-8303-CN),美的山西美宝隆专卖店,25325604437,13999.00,9999.00,0,100,0,0,0,,"""品牌： 美的（Midea） 商品名称：美的（Midea） 水槽双槽洗碗机不锈钢带水龙头 F3(WQP6-8303-CN) 商品编号：25325604437 店铺：商品毛重：28.0kg 商品产地：中国大陆 产品类型：水槽式 用途：家用型 开合方式：顶开式 洗碗方式：喷淋式 总容积：6-7套碗""",美的,WQP6-8303-CN,顶开式,喷淋式,6-7套碗,微电脑式,,高温,6.7,,https://item.jd.com/25325604437.html,京东,2018-05-15
美的（Midea） 水槽洗碗机 嵌入式家用全自动 F3(WQP6-8303-CN),美的重庆宏美盛专卖店,24273551567,15999.00,10199.00,0,100,0,0,0,,"""品牌： 美的（Midea） 商品名称：美的（Midea） 水槽洗碗机 嵌入式家用全自动 F3(WQP6-8303-CN) 商品编号：24273551567 店铺：商品毛重：37.0kg 商品产地：中国大陆 货号：30009406001 产品类型：水槽式 用途：家用型 开合方式：顶开式 洗碗方式：喷淋式 总容积：6-7套碗""",美的,30009406001,顶开式,喷淋式,6-7套碗,微电脑式,,高温,6.7升,黑色,https://item.jd.com/24273551567.html,京东,2018-05-15
浩泽 8套 WiFi智控 嵌入水槽式 净水全自动洗碗机家用 跨界五合一 7大洗涤程 S4,浩泽苏格特专卖店,23407005554,11999.00,8999.00,10,100,10,0,0,,"""品牌： 浩泽 商品名称：浩泽 8套 WiFi智控 嵌入水槽式 净水全自动洗碗机家用 跨界五合一 7大洗涤程 S4 商品编号：23407005554 店铺：商品毛重：32.5kg 商品产地：中国大陆 货号：S4 产品类型：水槽式 用途：家用型 开合方式：顶开式 洗碗方式：喷淋式 总容积：8-10套碗""",浩泽,S4,顶开式,喷淋式,8-10套碗,,,,,,https://item.jd.com/23407005554.html,京东,2018-05-15
OZNER浩泽 洗碗机 8套WiFi智控 水槽式嵌入 净水全自动家用跨界五合一 S2 冰川银S2-JD物流配送，入户免费安装,浩泽苏格特专卖店,23403927791,8999.00,6599.00,1500,99,1500,1,0,,"""品牌： 浩泽 商品名称：OZNER浩泽 洗碗机 8套WiFi智控 水槽式嵌入 净水全自动家用跨界五合一 S2 冰川银S2-JD物流配送，入户免费安装 商品编号：23403927791 店铺：商品毛重：32.5kg 产品类型：水槽式 用途：家用型 开合方式：顶开式 洗碗方式：喷淋式 总容积：8-10套碗""",浩泽,OZNER 洗碗机 8套WiFi智控 水槽式嵌入 净水全自动家用跨界五合一 S2 冰川银S2-JD物流配送，入户免费安装,顶开式,喷淋式,8-10套碗,,,,,,https://item.jd.com/23403927791.html,京东,2018-05-15
徳兆（Dezhao） 德兆家用全自动水槽式洗碗机独立三合一智能非超声波嵌入式刷碗柜,徳兆户外旗舰店,23193963500,20689.00,5199.00,0,100,0,0,0,,"""品牌： 徳兆（Dezhao） 商品名称：徳兆（Dezhao） 德兆家用全自动水槽式洗碗机独立三合一智能非超声波嵌入式刷碗柜 商品编号：23193963500 店铺：商品毛重：27.0kg 商品产地：中国大陆 产品类型：水槽式 用途：家用型 开合方式：顶开式 洗碗方式：喷淋式 总容积：6-7套碗""",徳兆,BWM-X2,顶开式,喷淋式,6-7套碗,触摸,余热烘干,高温消毒,12,不锈钢色,https://item.jd.com/23193963500.html,京东,2018-05-15
徳兆（Dezhao） 德兆家用全自动水槽式洗碗机嵌入式独立三合一智能非超声波刷碗柜,徳兆户外旗舰店,23180146172,10999.00,5699.00,0,100,0,0,0,,"""品牌： 徳兆（Dezhao） 商品名称：徳兆（Dezhao） 德兆家用全自动水槽式洗碗机嵌入式独立三合一智能非超声波刷碗柜 商品编号：23180146172 店铺：商品毛重：27.0kg 商品产地：中国大陆 产品类型：水槽式 用途：家用型 开合方式：顶开式 洗碗方式：喷淋式 总容积：6-7套碗""",徳兆,BWM-X3,顶开式,喷淋式,6-7套碗,触控式,余热烘干,高温消毒,12,不锈钢色,https://item.jd.com/23180146172.html,京东,2018-05-15
朗玺（LANGXI） 超声波洗碗机大型酒店食堂饭店大容量智能全自动洗碗机商用,朗玺电器旗舰店,23032921393,16800.00,8998.00,0,100,0,0,0,,"""品牌： 朗玺（LANGXI） 商品名称：朗玺（LANGXI） 超声波洗碗机大型酒店食堂饭店大容量智能全自动洗碗机商用 商品编号：23032921393 店铺：商品毛重：30.0kg 商品产地：中国大陆 产品类型：水槽式 用途：商用型 开合方式：顶开式 洗碗方式：超声波式 总容积：11-12套碗""",朗玺,（LANGXI） 超声波洗碗机大型酒店食堂饭店大容量智能全自动洗碗机商用,顶开式,超声波式,11-12套碗,,,,,,https://item.jd.com/23032921393.html,京东,2018-05-15
徳兆（Dezhao） 德兆全自动家用水槽洗碗机烘干机多功能不锈钢水槽式洗碗机嵌入式洗碗机 水槽洗碗机钢化玻璃烟灶蒸烤,徳兆户外旗舰店,20326207120,20689.00,12600.00,60,100,60,0,0,,"""品牌： 徳兆（Dezhao） 商品名称：徳兆（Dezhao） 德兆全自动家用水槽洗碗机烘干机多功能不锈钢水槽式洗碗机嵌入式洗碗机 水槽洗碗机钢化玻璃烟灶蒸烤 商品编号：20326207120 店铺：商品毛重：27.0kg 商品产地：中国大陆 产品类型：水槽式 用途：家用型 开合方式：前开式 洗碗方式：喷淋式 总容积：6-7套碗 特色推荐：高温除菌，烘干，三口之家，LED显示，大容量，预约定时，超快洗，洗果蔬海鲜""",徳兆,BWM-X1,前开式,喷淋式,6-7套碗,触摸,余热烘干,高温消毒,12,不锈钢色,https://item.jd.com/20326207120.html,京东,2018-05-15
徳兆（Dezhao） 德兆全自动家用水槽洗碗机烘干机多功能不锈钢水槽式洗碗机嵌入式洗碗机 水槽洗碗机钢化玻璃烟灶,徳兆户外旗舰店,19147133878,20689.00,6988.00,60,100,60,0,0,,"""品牌： 徳兆（Dezhao） 商品名称：徳兆（Dezhao） 德兆全自动家用水槽洗碗机烘干机多功能不锈钢水槽式洗碗机嵌入式洗碗机 水槽洗碗机钢化玻璃烟灶 商品编号：19147133878 店铺：商品毛重：27.0kg 商品产地：中国大陆 产品类型：水槽式 用途：家用型 开合方式：前开式 洗碗方式：喷淋式 总容积：6-7套碗 特色推荐：高温除菌，烘干，三口之家，LED显示，大容量，预约定时，超快洗，洗果蔬海鲜""",徳兆,BWM-X1,前开式,喷淋式,6-7套碗,触摸,余热烘干,高温消毒,12,不锈钢色,https://item.jd.com/19147133878.html,京东,2018-05-15
徳兆（Dezhao） 德兆全自动家用水槽洗碗机烘干机多功能不锈钢水槽式洗碗机嵌入式洗碗机 水槽洗碗机不锈钢烟灶蒸烤,徳兆户外旗舰店,15389760547,20689.00,12600.00,60,100,60,0,0,,"""品牌： 徳兆（Dezhao） 商品名称：徳兆（Dezhao） 德兆全自动家用水槽洗碗机烘干机多功能不锈钢水槽式洗碗机嵌入式洗碗机 水槽洗碗机不锈钢烟灶蒸烤 商品编号：15389760547 店铺：商品毛重：27.0kg 商品产地：中国大陆 产品类型：水槽式 用途：家用型 开合方式：前开式 洗碗方式：喷淋式 总容积：6-7套碗 特色推荐：高温除菌，烘干，三口之家，LED显示，大容量，预约定时，超快洗，洗果蔬海鲜""",徳兆,BWM-X1,前开式,喷淋式,6-7套碗,触摸,余热烘干,高温消毒,12,不锈钢色,https://item.jd.com/15389760547.html,京东,2018-05-15
徳兆（Dezhao） 德兆全自动家用水槽洗碗机烘干机多功能不锈钢水槽式洗碗机嵌入式洗碗机 水槽洗碗机蒸箱集成灶钢化玻璃烤箱,徳兆户外旗舰店,15389760546,20689.00,16188.00,60,100,60,0,0,,"""品牌： 徳兆（Dezhao） 商品名称：徳兆（Dezhao） 德兆全自动家用水槽洗碗机烘干机多功能不锈钢水槽式洗碗机嵌入式洗碗机 水槽洗碗机蒸箱集成灶钢化玻璃烤箱 商品编号：15389760546 店铺：商品毛重：27.0kg 商品产地：中国大陆 产品类型：水槽式 用途：家用型 开合方式：前开式 洗碗方式：喷淋式 总容积：6-7套碗 特色推荐：高温除菌，烘干，三口之家，LED显示，大容量，预约定时，超快洗，洗果蔬海鲜""",徳兆,BWM-X1,前开式,喷淋式,6-7套碗,触摸,余热烘干,高温消毒,12,不锈钢色,https://item.jd.com/15389760546.html,京东,2018-05-15
徳兆（Dezhao） 德兆全自动家用水槽洗碗机烘干机多功能不锈钢水槽式洗碗机嵌入式洗碗机 水槽洗碗机消毒柜集成灶,徳兆户外旗舰店,15388654958,20689.00,9698.00,60,100,60,0,0,,"""品牌： 徳兆（Dezhao） 商品名称：徳兆（Dezhao） 德兆全自动家用水槽洗碗机烘干机多功能不锈钢水槽式洗碗机嵌入式洗碗机 水槽洗碗机消毒柜集成灶 商品编号：15388654958 店铺：商品毛重：27.0kg 商品产地：中国大陆 产品类型：水槽式 用途：家用型 开合方式：前开式 洗碗方式：喷淋式 总容积：6-7套碗 特色推荐：高温除菌，烘干，三口之家，LED显示，大容量，预约定时，超快洗，洗果蔬海鲜""",徳兆,BWM-X1,前开式,喷淋式,6-7套碗,触摸,余热烘干,高温消毒,12,不锈钢色,https://item.jd.com/15388654958.html,京东,2018-05-15
徳兆（Dezhao） 德兆全自动家用水槽洗碗机烘干机多功能不锈钢水槽式洗碗机嵌入式洗碗机 水槽洗碗机蒸箱集成灶,徳兆户外旗舰店,15388654957,20689.00,13488.00,60,100,60,0,0,,"""品牌： 徳兆（Dezhao） 商品名称：徳兆（Dezhao） 德兆全自动家用水槽洗碗机烘干机多功能不锈钢水槽式洗碗机嵌入式洗碗机 水槽洗碗机蒸箱集成灶 商品编号：15388654957 店铺：商品毛重：27.0kg 商品产地：中国大陆 产品类型：水槽式 用途：家用型 开合方式：前开式 洗碗方式：喷淋式 总容积：6-7套碗 特色推荐：高温除菌，烘干，三口之家，LED显示，大容量，预约定时，超快洗，洗果蔬海鲜""",徳兆,BWM-X1,前开式,喷淋式,6-7套碗,触摸,余热烘干,高温消毒,12,不锈钢色,https://item.jd.com/15388654957.html,京东,2018-05-15
徳兆（Dezhao） 德兆全自动家用水槽洗碗机烘干机多功能不锈钢水槽式洗碗机嵌入式洗碗机 水槽洗碗机钢化玻璃蒸箱,徳兆户外旗舰店,14711540341,20689.00,7848.00,60,100,60,0,0,,"""品牌： 徳兆（Dezhao） 商品名称：徳兆（Dezhao） 德兆全自动家用水槽洗碗机烘干机多功能不锈钢水槽式洗碗机嵌入式洗碗机 水槽洗碗机钢化玻璃蒸箱 商品编号：14711540341 店铺：商品毛重：27.0kg 商品产地：中国大陆 产品类型：水槽式 用途：家用型 开合方式：前开式 洗碗方式：喷淋式 总容积：6-7套碗 特色推荐：高温除菌，烘干，三口之家，LED显示，大容量，预约定时，超快洗，洗果蔬海鲜""",徳兆,BWM-X1,前开式,喷淋式,6-7套碗,触摸,余热烘干,高温消毒,12,不锈钢色,https://item.jd.com/14711540341.html,京东,2018-05-15
徳兆（Dezhao） 德兆全自动家用水槽洗碗机烘干机多功能不锈钢水槽式洗碗机嵌入式洗碗机 水槽洗碗机钢化玻璃蒸烤,徳兆户外旗舰店,14711540340,20689.00,10488.00,60,100,60,0,0,,"""品牌： 徳兆（Dezhao） 商品名称：徳兆（Dezhao） 德兆全自动家用水槽洗碗机烘干机多功能不锈钢水槽式洗碗机嵌入式洗碗机 水槽洗碗机钢化玻璃蒸烤 商品编号：14711540340 店铺：商品毛重：27.0kg 商品产地：中国大陆 产品类型：水槽式 用途：家用型 开合方式：前开式 洗碗方式：喷淋式 总容积：6-7套碗 特色推荐：高温除菌，烘干，三口之家，LED显示，大容量，预约定时，超快洗，洗果蔬海鲜""",徳兆,BWM-X1,前开式,喷淋式,6-7套碗,触摸,余热烘干,高温消毒,12,不锈钢色,https://item.jd.com/14711540340.html,京东,2018-05-15
方太（FOTILE）水槽洗碗机 6套 家用全自动嵌入式超声波洗果蔬三合一JBSD2T-Q1,方太洗碗机旗舰店,10461261590,12999.00,11999.00,40,95,40,1,1,,"""品牌： 方太（FOTILE） 商品名称：方太（FOTILE）水槽洗碗机 6套 家用全自动嵌入式超声波洗果蔬三合一JBSD2T-Q1 商品编号：10461261590 店铺：商品毛重：26.0kg 产品类型：水槽式 用途：家用型 开合方式：顶开式 洗碗方式：超声波式 总容积：6-7套碗""",方太,（FOTILE）水槽洗碗机 6套 家用全自动嵌入式超声波洗果蔬三合一JBSD2T-Q1,顶开式,超声波式,6-7套碗,,,,,,https://item.jd.com/10461261590.html,京东,2018-05-15
方太（FOTILE） 新款油烟机燃气灶洗碗机厨房三件套 JQ01TS+HC26BE+X1,方太厨卫旗舰店,1805550849,17560.00,14198.00,40,97,40,0,1,,"""品牌： 方太（FOTILE） 商品名称：方太（FOTILE） 新款油烟机燃气灶洗碗机厨房三件套 JQ01TS+HC26BE+X1 商品编号：1805550849 店铺：商品毛重：30.0kg 产品类型：水槽式 用途：家用型 开合方式：顶开式 洗碗方式：超声波式 总容积：6-7套碗""",方太,（FOTILE） 新款油烟机燃气灶洗碗机厨房三件套 JQ01TS+HC26BE+X1,顶开式,超声波式,6-7套碗,,,,,,https://item.jd.com/1805550849.html,京东,2018-05-15
方太（FOTILE）水槽洗碗机家用大容量水槽洗碗机+嵌入式消毒柜套装 JBSD2T-X1+J78 X1(洗碗机在右侧),方太厨卫旗舰店,1748478760,17999.00,9698.00,10,100,10,0,0,,"""品牌： 方太（FOTILE） 商品名称：方太（FOTILE）水槽洗碗机家用大容量水槽洗碗机+嵌入式消毒柜套装 JBSD2T-X1+J78 X1(洗碗机在右侧) 商品编号：1748478760 店铺：商品毛重：35.5kg 产品类型：水槽式 用途：家用型 开合方式：顶开式 洗碗方式：超声波式 总容积：6-7套碗""",方太,（FOTILE）水槽洗碗机家用大容量水槽洗碗机+嵌入式消毒柜套装 JBSD2T-X1+J78 X1(洗碗机在右侧),顶开式,超声波式,6-7套碗,,,,,,https://item.jd.com/1748478760.html,京东,2018-05-15
方太（FOTILE）水槽洗碗机 6套 家用全自动嵌入式超声波洗果蔬三合一 JBSD2T-X6SL（左款）,京东自营,7372729,9999.00,6299.00,0,100,0,0,0,,"""品牌： 方太（FOTILE） 商品名称：方太JBSD2T-X6SL 商品编号：7372729 商品毛重：26.0kg 商品产地：中国大陆 产品类型：水槽式 用途：家用型 开合方式：顶开式 洗碗方式：喷淋式 总容积：6-7套碗 特色推荐：高温除菌，烘干，三口之家，LED显示，大容量，超快洗""",方太,JBSD2T-X6SL,顶开式,喷淋式,6-7套碗,触摸控制,,,5.7L,黑色,https://item.jd.com/7372729.html,京东,2018-05-15
方太JBSD2T-X1S,方太自营旗舰店,7301823,9999.00,8999.00,90,100,90,0,0,,"""品牌： 方太（FOTILE） 商品名称：方太JBSD2T-X1S 商品编号：7301823 商品毛重：26.0kg 商品产地：中国大陆 产品类型：水槽式 用途：家用型 开合方式：顶开式 洗碗方式：喷淋式 总容积：6-7套碗 特色推荐：高温除菌，烘干，三口之家，LED显示，大容量，超快洗""",方太,JBSD2T-X1,顶开式,喷淋式,6-7套碗,触摸控制,,,5.7L,黑色,https://item.jd.com/7301823.html,京东,2018-05-15
方太JBSD2T-X6S,方太自营旗舰店,7292707,9999.00,6299.00,0,100,0,0,0,,"""品牌： 方太（FOTILE） 商品名称：方太JBSD2T-X6S 商品编号：7292707 商品毛重：26.0kg 商品产地：中国大陆 特色推荐：高温除菌，烘干，三口之家，大容量，超快洗 开合方式：顶开式 洗碗方式：喷淋式 总容积：6-7套碗 产品类型：水槽式""",方太,JBSD2T-X6S,顶开式,喷淋式,6-7套碗,触摸控制,,,5.7L,香槟金,https://item.jd.com/7292707.html,京东,2018-05-15
方太（FOTILE）水槽洗碗机 6套 家用全自动嵌入式超声波洗果蔬三合一 JBSD2T-X1SL（左款）,京东自营,7159038,9999.00,6299.00,0,100,0,0,0,,"""品牌： 方太（FOTILE） 商品名称：方太JBSD2T-X1SL 商品编号：7159038 商品毛重：26.0kg 商品产地：中国大陆 产品类型：水槽式 用途：家用型 开合方式：顶开式 洗碗方式：喷淋式 总容积：6-7套碗 特色推荐：高温除菌，烘干，三口之家，LED显示，大容量，超快洗""",方太,JBSD2T-X1SL（左款）,顶开式,喷淋式,6-7套碗,触摸控制,,,5.7L,黑色,https://item.jd.com/7159038.html,京东,2018-05-15
方太（FOTILE）6套 钻石银 跨界三合一 超声波清洗 水槽洗碗机 JBSD2T-X9,方太自营旗舰店,4905347,9999.00,8999.00,0,100,0,0,0,,"""品牌： 方太（FOTILE） 商品名称：方太X9 商品编号：4905347 商品毛重：26.0kg 商品产地：中国大陆 产品类型：水槽式 用途：家用型 开合方式：顶开式 洗碗方式：超声波式 总容积：6-7套碗""",方太,JBSD2T-X9,顶开式,超声波式,6-7套碗,触摸控制,,,5.7L,银色,https://item.jd.com/4905347.html,京东,2018-05-15
方太（FOTILE）6套 香槟金 跨界三合一 超声波清洗 水槽洗碗机 JBSD2T-X6,方太自营旗舰店,4905333,9999.00,8999.00,500,98,500,1,8,,"""品牌： 方太（FOTILE） 商品名称：方太X6 商品编号：4905333 商品毛重：26.0kg 商品产地：中国大陆 洗碗方式：超声波式 产品类型：水槽式 总容积：6-7套碗 开合方式：顶开式""",方太,JBSD2T-X6,顶开式,超声波式,6-7套碗,触摸控制,,,5.7L,金色,https://item.jd.com/4905333.html,京东,2018-05-15
方太（FOTILE）6套 燕尾黑 跨界三合一 超声波清洗 水槽洗碗机 JBSD2T-X1,方太自营旗舰店,4905321,9999.00,5999.00,1000,99,1000,2,1,,"""品牌： 方太（FOTILE） 商品名称：方太JBSD2T-X1 商品编号：4905321 商品毛重：26.0kg 商品产地：中国大陆 产品类型：水槽式 用途：家用型 开合方式：顶开式 洗碗方式：超声波式 总容积：6-7套碗""",方太,JBSD2T-X1,顶开式,超声波式,6-7套碗,触摸控制,,,5.7L,黑色,https://item.jd.com/4905321.html,京东,2018-05-15
美的（Midea） 水槽洗碗机WQP6-8303-CN活水洗碗 果蔬净化 4.0手工水槽 水槽洗碗机+厨余垃圾处理器套餐,美的广东源丰美专卖店,26547619458,9999.00,9999.00,1,100,1,0,0,,"""品牌： 美的（Midea） 商品名称：美的（Midea） 水槽洗碗机WQP6-8303-CN活水洗碗 果蔬净化 4.0手工水槽 水槽洗碗机+厨余垃圾处理器套餐 商品编号：26547619458 店铺：商品毛重：37.0kg 洗碗方式：超声波式 产品类型：水槽式 总容积：6-7套碗 开合方式：顶开式""",美的,（Midea） 水槽洗碗机WQP6-8303-CN活水洗碗 果蔬净化 4.0手工水槽 水槽洗碗机+厨余垃圾处理器套餐,顶开式,超声波式,6-7套碗,,,,,,https://item.jd.com/26547619458.html,京东,2018-05-15
丹沃思（Dours） 水槽洗碗机家用智能8套嵌入式洗碗机洗果蔬三合一刷碗机JDP1S-H2 售前上门勘测,丹沃思旗舰店,26435995387,159999.00,50.00,2,100,2,0,0,,"""品牌： 丹沃思（Dours） 商品名称：丹沃思（Dours） 水槽洗碗机家用智能8套嵌入式洗碗机洗果蔬三合一刷碗机JDP1S-H2 售前上门勘测 商品编号：26435995387 店铺：商品毛重：34.5kg 商品产地：中国大陆 货号：大槽款 产品类型：水槽式 用途：家用型 开合方式：顶开式 洗碗方式：喷淋式 总容积：8-10套碗 特色推荐：高温除菌，三口之家，LED显示，大容量，超快洗，洗果蔬海鲜""",丹沃思,大槽款,顶开式,喷淋式,8-10套碗,微电脑式,余温烘干,巴士除菌,洗碗9,黑色玻璃面板,https://item.jd.com/26435995387.html,京东,2018-05-15
徳兆（Dezhao） 德兆全自动家用水槽洗碗机烘干机多功能不锈钢水槽式洗碗机嵌入式洗碗机 洗碗机盘子筐 配件,徳兆户外旗舰店,20400444713,20689.00,150.00,60,100,60,0,0,,"""品牌： 徳兆（Dezhao） 商品名称：徳兆（Dezhao） 德兆全自动家用水槽洗碗机烘干机多功能不锈钢水槽式洗碗机嵌入式洗碗机 洗碗机盘子筐 配件 商品编号：20400444713 店铺：商品毛重：27.0kg 商品产地：中国大陆 产品类型：水槽式 用途：家用型 开合方式：前开式 洗碗方式：喷淋式 总容积：6-7套碗 特色推荐：高温除菌，烘干，三口之家，LED显示，大容量，预约定时，超快洗，洗果蔬海鲜""",徳兆,BWM-X1,前开式,喷淋式,6-7套碗,触摸,余热烘干,高温消毒,12,不锈钢色,https://item.jd.com/20400444713.html,京东,2018-05-15
浩泽(ozner) 水槽洗碗机 8套 家用嵌入式 自动开门双重烘干高温消毒 五合一多功能水槽式洗碗器 SS  上门看现场,浩泽泰鹿专卖店,27560094392,10999.00,49.00,30,100,30,0,0,,"""品牌： 浩泽 商品名称：浩泽(ozner) 水槽洗碗机 8套 家用嵌入式 自动开门双重烘干高温消毒 五合一多功能水槽式洗碗器 SS上门看现场 商品编号：27560094392 店铺：商品毛重：43.0kg 商品产地：中国大陆 产品类型：水槽式 用途：家用型 开合方式：顶开式 洗碗方式：喷淋式 总容积：8-10套碗 特色推荐：高温除菌，烘干，三口之家，LED显示，大容量，预约定时，超快洗，洗果蔬海鲜""",浩泽,S2、S4,顶开式,喷淋式,8-10套碗,微电脑式,新风烘干+冷凝烘干,高温,9.1L,冰川银、玫瑰金,https://item.jd.com/27560094392.html,京东,2018-05-15
svwsnuc 水槽洗碗机全自动家用智能嵌入式独立式台式洗碗机家用不锈钢水槽刷碗机,svwsnuc官方旗舰店,24378094527,6999.00,4698.00,30,100,30,0,0,,"""品牌： svwsnuc 商品名称：svwsnuc 水槽洗碗机全自动家用智能嵌入式独立式台式洗碗机家用不锈钢水槽刷碗机 商品编号：24378094527 店铺：商品毛重：32.0kg 商品产地：中国大陆 货号：JBSC2T-Q5 产品类型：水槽式 用途：家用型 开合方式：顶开式 洗碗方式：喷淋式 总容积：8-10套碗""",svwsnuc,JBSC2T-Q5,顶开式,喷淋式,8-10套碗,智能触屏按键,余温烘干,高温,8,夜魅黑,https://item.jd.com/24378094527.html,京东,2018-05-15
方太（FOTILE）水槽洗碗机 6套 家用全自动嵌入式超声波洗果蔬三合一JBSD2T-X6 X6(洗碗机在右侧),方太洗碗机旗舰店,10903175277,9299.00,8299.00,7,100,7,0,0,,"""品牌： 方太（FOTILE） 商品名称：方太（FOTILE）水槽洗碗机 6套 家用全自动嵌入式超声波洗果蔬三合一JBSD2T-X6 X6(洗碗机在右侧) 商品编号：10903175277 店铺：商品毛重：26.0kg 产品类型：水槽式 用途：家用型 开合方式：顶开式 洗碗方式：喷淋式 总容积：6-7套碗""",方太,（FOTILE）水槽洗碗机 6套 家用全自动嵌入式超声波洗果蔬三合一JBSD2T-X6 X6(洗碗机在右侧),顶开式,喷淋式,6-7套碗,,,,,,https://item.jd.com/10903175277.html,京东,2018-05-15
【日本直邮】日本Panasonic松下 家用小型智能洗碗机NP-TCM3110v需电压转换,幸福果果营养品全球购专营店,1977216987,4800.00,4229.00,0,100,0,0,0,,"""商品名称：【日本直邮】日本Panasonic松下 家用小型智能洗碗机NP-TCM3110v需电压转换 商品编号：1977216987 店铺：商品毛重：12.0kg 货号：NPTCM3W 产品类型：水槽式 用途：家用型 开合方式：前开式 洗碗方式：喷淋式 总容积：6-7套碗""",【日本直邮】日本Panasonic松下,NPTCM3W,前开式,喷淋式,6-7套碗,,,,,,https://item.jd.hk/1977216987.html,京东,2018-05-15
悍舒 hanshu 洗碗机商用超声波全自动洗碟机刷碗机饭店酒楼食堂专用 一清一洗1800*800*800,悍舒旗舰店,13183986755,23100.00,7749.00,60,100,60,0,0,,"""品牌： 悍舒 商品名称：悍舒 hanshu 洗碗机商用超声波全自动洗碟机刷碗机饭店酒楼食堂专用 一清一洗1800*800*800 商品编号：13183986755 店铺：商品毛重：80.0kg 产品类型：水槽式 用途：商用型 开合方式：顶开式 洗碗方式：超声波式 总容积：11-12套碗""",悍舒,HS-XW60,顶开式,超声波式,11-12套碗,热温控制,,,,银色,https://item.jd.com/13183986755.html,京东,2018-05-15
方太（FOTILE）水槽洗碗机家用水槽洗碗机嵌入式消毒柜套装 X1+J45E X1(洗碗机在右侧),方太厨卫旗舰店,1748092469,11999.00,8198.00,10,100,10,0,0,,"""品牌： 方太（FOTILE） 商品名称：方太（FOTILE）水槽洗碗机家用水槽洗碗机嵌入式消毒柜套装 X1+J45E X1(洗碗机在右侧) 商品编号：1748092469 店铺：商品毛重：25.5kg 产品类型：水槽式 用途：家用型 开合方式：顶开式 洗碗方式：超声波式 总容积：6-7套碗""",方太,（FOTILE）水槽洗碗机家用水槽洗碗机嵌入式消毒柜套装 X1+J45E X1(洗碗机在右侧),顶开式,超声波式,6-7套碗,,,,,,https://item.jd.com/1748092469.html,京东,2018-05-15
美的（Midea）6套 洗碗机 家用超声波变频活水洗蔬果去农残三合一 手工304不锈钢双槽水槽洗碗机F3,美的厨房电器自营官方旗舰店,6166652,13999.00,11999.00,1,100,1,0,0,,"""品牌： 美的（Midea） 商品名称：美的F3 商品编号：6166652 商品毛重：39.5kg 商品产地：中国大陆 产品类型：水槽式 用途：家用型 开合方式：顶开式 洗碗方式：超声波式 总容积：6-7套碗 特色推荐：高温除菌，LED显示，超快洗，洗果蔬海鲜""",美的,F3,顶开式,超声波式,6-7套碗,,,,,银色水槽+黑晶面板,https://item.jd.com/6166652.html,京东,2018-05-15
方太（FOTILE） 欧式风魔方油烟机燃气灶洗碗机三件套JQ25TS+HC26BE+X1,方太官方旗舰店,12005579159,13999.00,10698.00,9,100,9,0,0,,"""品牌： 方太（FOTILE） 商品名称：方太（FOTILE） 欧式风魔方油烟机燃气灶洗碗机三件套JQ25TS+HC26BE+X1 商品编号：12005579159 店铺：商品毛重：47.0kg 商品产地：中国大陆 产品类型：水槽式 用途：家用型 开合方式：顶开式 洗碗方式：超声波式 总容积：6-7套碗""",方太,（FOTILE） 欧式风魔方油烟机燃气灶洗碗机三件套JQ25TS+HC26BE+X1,顶开式,超声波式,6-7套碗,,,,,,https://item.jd.com/12005579159.html,京东,2018-05-15
方太（FOTILE）水槽洗碗机 6套 家用全自动嵌入式超声波洗果蔬三合一左款JBSD2T-X9L,方太洗碗机旗舰店,11375407576,9299.00,5999.00,20,100,20,0,0,,"""品牌： 方太（FOTILE） 商品名称：方太（FOTILE）水槽洗碗机 6套 家用全自动嵌入式超声波洗果蔬三合一左款JBSD2T-X9L 商品编号：11375407576 店铺：商品毛重：26.0kg 产品类型：水槽式 用途：家用型 开合方式：顶开式 洗碗方式：喷淋式 总容积：6-7套碗""",方太,（FOTILE）水槽洗碗机 6套 家用全自动嵌入式超声波洗果蔬三合一左款JBSD2T-X9L,顶开式,喷淋式,6-7套碗,,,,,,https://item.jd.com/11375407576.html,京东,2018-05-15
徳兆（Dezhao） 德兆全自动家用水槽洗碗机烘干机多功能不锈钢水槽式洗碗机嵌入式洗碗机 水槽洗碗机,徳兆户外旗舰店,14711540339,20689.00,4999.00,60,100,60,0,0,,"""品牌： 徳兆（Dezhao） 商品名称：徳兆（Dezhao） 德兆全自动家用水槽洗碗机烘干机多功能不锈钢水槽式洗碗机嵌入式洗碗机 水槽洗碗机 商品编号：14711540339 店铺：商品毛重：27.0kg 商品产地：中国大陆 产品类型：水槽式 用途：家用型 开合方式：前开式 洗碗方式：喷淋式 总容积：6-7套碗 特色推荐：高温除菌，烘干，三口之家，LED显示，大容量，预约定时，超快洗，洗果蔬海鲜""",徳兆,BWM-X1,前开式,喷淋式,6-7套碗,触摸,余热烘干,高温消毒,12,不锈钢色,https://item.jd.com/14711540339.html,京东,2018-05-15
方太（FOTILE） 水槽洗碗机 6套 家用全自动嵌入式超声波洗果蔬三合一JBSD2F-X5S 如需X5SL（洗碗机在左侧）详询客服,方太洗碗机旗舰店,27345625489,13999.00,8499.00,2,100,2,0,0,,"""品牌： 方太（FOTILE） 商品名称：方太（FOTILE） 水槽洗碗机 6套 家用全自动嵌入式超声波洗果蔬三合一JBSD2F-X5S 如需X5SL（洗碗机在左侧）详询客服 商品编号：27345625489 店铺：商品毛重：30.0kg 商品产地：中国大陆 产品类型：水槽式 用途：家用型 开合方式：顶开式 洗碗方式：喷淋式 总容积：6-7套碗""",方太,（FOTILE） 水槽洗碗机 6套 家用全自动嵌入式超声波洗果蔬三合一JBSD2F-X5S 如需X5SL（洗碗机在左侧）详询客服,顶开式,喷淋式,6-7套碗,,,,,,https://item.jd.com/27345625489.html,京东,2018-05-15
碟美（DieMei） 家用全自动水槽式洗碗机嵌入式除菌烘干,碟美官方旗舰店,19592158549,6999.00,4999.00,60,100,60,0,0,,"""品牌： 碟美（DieMei） 商品名称：碟美（DieMei） 家用全自动水槽式洗碗机嵌入式除菌烘干 商品编号：19592158549 店铺：商品毛重：30.0kg 商品产地：中国大陆 产品类型：水槽式 用途：家用型 开合方式：顶开式 洗碗方式：喷淋式 总容积：8-10套碗""",碟美,JBSX2T-X6,顶开式,喷淋式,8-10套碗,微电脑,热交换,高温,,黑色,https://item.jd.com/19592158549.html,京东,2018-05-15
方太（FOTILE） 风魔方侧吸油烟机燃气灶洗碗机三件套JQ22TS+HC26BE+X1,方太官方旗舰店,12005535433,15999.00,12198.00,20,100,20,0,0,,"""品牌： 方太（FOTILE） 商品名称：方太（FOTILE） 风魔方侧吸油烟机燃气灶洗碗机三件套JQ22TS+HC26BE+X1 商品编号：12005535433 店铺：商品毛重：76.0kg 商品产地：中国大陆 产品类型：水槽式 用途：家用型 开合方式：顶开式 洗碗方式：超声波式 总容积：6-7套碗""",方太,（FOTILE） 风魔方侧吸油烟机燃气灶洗碗机三件套JQ22TS+HC26BE+X1,顶开式,超声波式,6-7套碗,,,,,,https://item.jd.com/12005535433.html,京东,2018-05-15
浩泽 8套 WiFi智控 嵌入水槽式 净水全自动洗碗机家用 跨界五合一 S2,浩泽洗碗机旗舰店,19981524429,10999.00,6499.00,2800,100,2800,0,0,,"""品牌： 浩泽 商品名称：浩泽 8套 WiFi智控 嵌入水槽式 净水全自动洗碗机家用 跨界五合一 S2 商品编号：19981524429 店铺：商品毛重：32.5kg 商品产地：中国大陆 货号：S2 产品类型：水槽式 用途：家用型 开合方式：顶开式 洗碗方式：喷淋式 总容积：8-10套碗 特色推荐：高温除菌，烘干，LED显示，大容量，超快洗""",浩泽,S2,顶开式,喷淋式,8-10套碗,触控式 和 WiFi智控,风机烘干,高温,每个程序各不一样，详情请咨询客服,冰川银,https://item.jd.com/19981524429.html,京东,2018-05-15
丹沃思（Dours） 嵌入式水槽果蔬净洗家用洗碗机拉伸水槽式洗碗机,丹沃思旗舰店,24147234714,4999.00,4699.00,10,100,10,0,0,,"""品牌： 丹沃思（Dours） 商品名称：丹沃思（Dours） 嵌入式水槽果蔬净洗家用洗碗机拉伸水槽式洗碗机 商品编号：24147234714 店铺：商品毛重：34.0kg 商品产地：中国大陆 货号：JDP2S-K1 产品类型：水槽式 用途：家用型 开合方式：顶开式 洗碗方式：喷淋式 总容积：8-10套碗""",丹沃思,JDP2S-K1,顶开式,喷淋式,8-10套碗,,,,,魅夜黑,https://item.jd.com/24147234714.html,京东,2018-05-15
方太（FOTILE）水槽洗碗机嵌入式水槽去农残海鲜清洗家用洗碗机JBSD3T-Q6,方太厨卫旗舰店,10123848278,20880.00,11999.00,4,100,4,0,0,,"""品牌： 方太（FOTILE） 商品名称：方太（FOTILE）水槽洗碗机嵌入式水槽去农残海鲜清洗家用洗碗机JBSD3T-Q6 商品编号：10123848278 店铺：商品毛重：31.0kg 产品类型：水槽式 用途：家用型 开合方式：顶开式 洗碗方式：喷淋式 总容积：6-7套碗 特色推荐：高温除菌，烘干，三口之家，LED显示，大容量，超快洗""",方太,（FOTILE）水槽洗碗机嵌入式水槽去农残海鲜清洗家用洗碗机JBSD3T-Q6,顶开式,喷淋式,6-7套碗,,,,,,https://item.jd.com/10123848278.html,京东,2018-05-15
方太（FOTILE）水槽洗碗机 6套 家用全自动嵌入式超声波洗果蔬三合一JBSD2T-X1 如需X1L（洗碗机在左侧）详询客服,方太洗碗机旗舰店,10555268908,9299.00,5999.00,1300,99,1300,5,7,外观大气 态度好 信得过 简单实用,"""品牌： 方太（FOTILE） 商品名称：方太（FOTILE）水槽洗碗机 6套 家用全自动嵌入式超声波洗果蔬三合一JBSD2T-X1 如需X1L（洗碗机在左侧）详询客服 商品编号：10555268908 店铺：商品毛重：26.0kg 产品类型：水槽式 用途：家用型 开合方式：顶开式 洗碗方式：喷淋式 总容积：6-7套碗""",方太,（FOTILE）水槽洗碗机 6套 家用全自动嵌入式超声波洗果蔬三合一JBSD2T-X1 如需X1L（洗碗机在左侧）详询客服,顶开式,喷淋式,6-7套碗,,,,,,https://item.jd.com/10555268908.html,京东,2018-05-15
方太（FOTILE） 方太 EMD2T+HC26BE+E2系列蒸箱烤箱+X1水槽洗碗机,方太厨卫旗舰店,10946930313,25000.00,20097.00,20,100,20,0,0,,"""品牌： 方太（FOTILE） 商品名称：方太（FOTILE） 方太 EMD2T+HC26BE+E2系列蒸箱烤箱+X1水槽洗碗机 商品编号：10946930313 店铺：商品毛重：80.0kg 产品类型：水槽式 用途：家用型 开合方式：顶开式 洗碗方式：超声波式 总容积：6-7套碗""",方太,（FOTILE）  EMD2T+HC26BE+E2系列蒸箱烤箱+X1水槽洗碗机,顶开式,超声波式,6-7套碗,触摸控制,,,,,https://item.jd.com/10946930313.html,京东,2018-05-15
方太（FOTILE）油烟机燃气灶嵌入式消毒柜JQ25TS+HC26BE+J45E+X1水槽洗碗机,方太厨卫旗舰店,10465987091,19290.00,12697.00,50,100,50,0,0,,"""品牌： 方太（FOTILE） 商品名称：方太（FOTILE）油烟机燃气灶嵌入式消毒柜JQ25TS+HC26BE+J45E+X1水槽洗碗机 商品编号：10465987091 店铺：商品毛重：85.5kg 产品类型：水槽式 用途：家用型 开合方式：顶开式 洗碗方式：超声波式 总容积：6-7套碗""",方太,（FOTILE）油烟机燃气灶嵌入式消毒柜JQ25TS+HC26BE+J45E+X1水槽洗碗机,顶开式,超声波式,6-7套碗,触摸控制,,,,,https://item.jd.com/10465987091.html,京东,2018-05-15
方太（FOTILE）水槽洗碗机 6套 家用全自动嵌入式超声波洗果蔬三合一 JBSD2T-X6,方太自营旗舰店,3046437,9999.00,5999.00,600,98,600,1,9,外观大气,"""品牌： 方太（FOTILE） 商品名称：方太X6 商品编号：3046437 商品毛重：26.0kg 商品产地：中国大陆 产品类型：水槽式 用途：家用型 开合方式：顶开式 洗碗方式：喷淋式 总容积：6-7套碗 特色推荐：高温除菌，烘干，三口之家，LED显示，大容量，超快洗""",方太,JBSD2T-X6,顶开式,喷淋式,6-7套碗,触摸控制,,,5.7L,金色,https://item.jd.com/3046437.html,京东,2018-05-15
方太（FOTILE） 水槽洗碗机 6套 家用全自动嵌入式超声波洗果蔬三合一JBSD2F-X5 如需X5L（洗碗机在左侧）详询客服,方太洗碗机旗舰店,11814227732,13999.00,8499.00,400,99,400,1,0,外观大气,"""品牌： 方太（FOTILE） 商品名称：方太（FOTILE） 水槽洗碗机 6套 家用全自动嵌入式超声波洗果蔬三合一JBSD2F-X5 如需X5L（洗碗机在左侧）详询客服 商品编号：11814227732 店铺：商品毛重：30.0kg 产品类型：水槽式 用途：家用型 开合方式：顶开式 洗碗方式：喷淋式 总容积：6-7套碗""",方太,0,顶开式,喷淋式,6-7套碗,0,0,,0,0,https://item.jd.com/11814227732.html,京东,2018-05-15
方太（FOTILE） 欧式油烟机燃气灶嵌入式消毒柜EMD2T+HC26BE+J78+X1洗碗机,方太厨卫旗舰店,10465963806,19999.00,13197.00,100,99,100,0,1,,"""品牌： 方太（FOTILE） 商品名称：方太（FOTILE） 欧式油烟机燃气灶嵌入式消毒柜EMD2T+HC26BE+J78+X1洗碗机 商品编号：10465963806 店铺：商品毛重：85.5kg 产品类型：水槽式 用途：家用型 开合方式：顶开式 洗碗方式：超声波式 总容积：6-7套碗""",方太,（FOTILE） 欧式油烟机燃气灶嵌入式消毒柜EMD2T+HC26BE+J78+X1洗碗机,顶开式,超声波式,6-7套碗,触摸控制,,,,,https://item.jd.com/10465963806.html,京东,2018-05-15
方太（FOTILE）水槽洗碗机 6套 家用全自动嵌入式超声波洗果蔬三合一 JBSD2T-X9,方太自营旗舰店,4468706,9999.00,5999.00,1200,99,1200,2,6,信得过 外观大气 态度好 特别快,"""品牌： 方太（FOTILE） 商品名称：方太X9 商品编号：4468706 商品毛重：26.0kg 商品产地：中国大陆 产品类型：水槽式 用途：家用型 开合方式：顶开式 洗碗方式：喷淋式 总容积：6-7套碗 特色推荐：高温除菌，烘干，三口之家，LED显示，大容量，超快洗""",方太,JBSD2T-X9,顶开式,喷淋式,6-7套碗,触摸控制,,,5.7L,银色,https://item.jd.com/4468706.html,京东,2018-05-15
方太（FOTILE）水槽洗碗机 6套 家用全自动嵌入式超声波洗果蔬三合一  JBSD2T-X6L（左款）,方太自营旗舰店,4074253,9999.00,5999.00,700,99,700,3,1,外观大气 特别快,"""品牌： 方太（FOTILE） 商品名称：方太X6L 商品编号：4074253 商品毛重：26.0kg 商品产地：中国大陆 产品类型：水槽式 用途：家用型 开合方式：顶开式 洗碗方式：喷淋式 总容积：6-7套碗 特色推荐：高温除菌，烘干，LED显示，大容量，超快洗""",方太,JBSD2T-X6L,顶开式,喷淋式,6-7套碗,触摸控制,,,5.7L,金色,https://item.jd.com/4074253.html,京东,2018-05-15
方太JBSD2T-X1S,方太自营旗舰店,6734800,9999.00,6299.00,100,100,100,0,0,,"""品牌： 方太（FOTILE） 商品名称：方太JBSD2T-X1S 商品编号：6734800 商品毛重：26.0kg 商品产地：中国大陆 产品类型：水槽式 用途：家用型 开合方式：顶开式 洗碗方式：喷淋式 总容积：6-7套碗 特色推荐：高温除菌，烘干，三口之家，LED显示，大容量，超快洗""",方太,JBSD2T-X1,顶开式,喷淋式,6-7套碗,触摸控制,,,5.7L,黑色,https://item.jd.com/6734800.html,京东,2018-05-15
悍舒 hanshu 洗碗机商用超声波全自动洗碟机刷碗机饭店酒楼食堂专用 单槽1500*800*800,悍舒旗舰店,13183986753,23100.00,7119.00,60,100,60,0,0,,"""品牌： 悍舒 商品名称：悍舒 hanshu 洗碗机商用超声波全自动洗碟机刷碗机饭店酒楼食堂专用 单槽1500*800*800 商品编号：13183986753 店铺：商品毛重：80.0kg 产品类型：水槽式 用途：商用型 开合方式：顶开式 洗碗方式：超声波式 总容积：11-12套碗""",悍舒,HS-XW60,顶开式,超声波式,11-12套碗,热温控制,,,,银色,https://item.jd.com/13183986753.html,京东,2018-05-15
美的（Midea）F3水槽洗碗机嵌入式家用全自动超声波6套,美的广东广恒美专卖店,13850283202,15999.00,9999.00,0,100,0,0,0,,"""品牌： 美的（Midea） 商品名称：美的（Midea）F3水槽洗碗机嵌入式家用全自动超声波6套 商品编号：13850283202 店铺：商品毛重：53.0kg 商品产地：中国大陆 产品类型：水槽式 用途：家用型 开合方式：顶开式 洗碗方式：喷淋式 总容积：6-7套碗""",美的,F3,顶开式,喷淋式,6-7套碗,,,,,,https://item.jd.com/13850283202.html,京东,2018-05-15
